{"cameraMode":{"drawMode":0,"name":"Shaded","section":"Shading Mode"},"sceneLighting":true,"audioPlay":false,"sceneViewState":{"m_AlwaysRefresh":false,"showFog":true,"showSkybox":true,"showFlares":true,"showImageEffects":true,"showParticleSystems":true,"showVisualEffectGraphs":true,"m_FxEnabled":true},"in2DMode":false,"pivot":{"x":-14.622730255126954,"y":13.97138500213623,"z":86.73860168457031},"rotation":{"x":0.05689055100083351,"y":0.7085948586463928,"z":0.05753697082400322,"w":-0.7009909152984619},"size":27.090774536132814,"orthographic":false}