{"cameraMode":{"drawMode":0,"name":"Shaded","section":"Shading Mode"},"sceneLighting":true,"audioPlay":false,"sceneViewState":{"m_AlwaysRefresh":false,"showFog":true,"showSkybox":true,"showFlares":true,"showImageEffects":true,"showParticleSystems":true,"showVisualEffectGraphs":true,"m_FxEnabled":true},"in2DMode":false,"pivot":{"x":-0.033019065856933597,"y":31.832969665527345,"z":168.05999755859376},"rotation":{"x":-0.3711335361003876,"y":-0.20067043602466584,"z":0.08251206576824188,"w":-0.9028944969177246},"size":12.179779052734375,"orthographic":false}