{"cameraMode":{"drawMode":0,"name":"Shaded","section":"Shading Mode"},"sceneLighting":true,"audioPlay":false,"sceneViewState":{"m_AlwaysRefresh":false,"showFog":true,"showSkybox":true,"showFlares":true,"showImageEffects":true,"showParticleSystems":true,"showVisualEffectGraphs":true,"m_FxEnabled":true},"in2DMode":false,"pivot":{"x":1.0368199348449708,"y":0.7220697999000549,"z":-0.1794651448726654},"rotation":{"x":-0.055940333753824237,"y":0.7342583537101746,"z":-0.060928571969270709,"w":-0.6738335490226746},"size":2.6478803157806398,"orthographic":false}