{"cameraMode":{"drawMode":0,"name":"Shaded","section":"Shading Mode"},"sceneLighting":true,"audioPlay":false,"sceneViewState":{"m_AlwaysRefresh":false,"showFog":true,"showSkybox":true,"showFlares":true,"showImageEffects":true,"showParticleSystems":true,"showVisualEffectGraphs":true,"m_FxEnabled":true},"in2DMode":false,"pivot":{"x":0.6947253346443176,"y":-21.825227737426759,"z":57.58482360839844},"rotation":{"x":0.19082173705101014,"y":0.007958095520734787,"z":-0.0015660423086956144,"w":0.9816206097602844},"size":39.463165283203128,"orthographic":false}