{"cameraMode":{"drawMode":0,"name":"Shaded","section":"Shading Mode"},"sceneLighting":false,"audioPlay":false,"sceneViewState":{"m_AlwaysRefresh":false,"showFog":true,"showSkybox":false,"showFlares":true,"showImageEffects":true,"showParticleSystems":true,"showVisualEffectGraphs":true,"m_FxEnabled":true},"in2DMode":false,"pivot":{"x":-0.5231404304504395,"y":-1.7345376014709473,"z":0.12172937393188477},"rotation":{"x":0.2957809269428253,"y":-0.016846174374222757,"z":0.0052342647686600689,"w":0.9550990462303162},"size":3.1473960876464845,"orthographic":false}